"","CIK","Investor","formtype","fdate","url","folderpath"
"1",1007280,"PUBLIC EMPLOYEES RETIREMENT SYSTEM OF OHIO","13F-HR/A","2000-01-31","https://www.sec.gov/Archives/edgar/data/1007280/0001007280-00-000026.txt","https://www.sec.gov/Archives/edgar/data/1007280/000100728000000026"
"2",1008629,"SMITH DONALD & CO INC","13F-HR/A","2000-01-20","https://www.sec.gov/Archives/edgar/data/1008629/0001008629-00-000002.txt","https://www.sec.gov/Archives/edgar/data/1008629/000100862900000002"
"3",1008875,"FRIEDMAN BILLINGS RAMSEY INVESTMENT MANAGEMENT INC /","13F-HR/A","2000-02-10","https://www.sec.gov/Archives/edgar/data/1008875/0001008875-00-000006.txt","https://www.sec.gov/Archives/edgar/data/1008875/000100887500000006"
"4",1008875,"FRIEDMAN BILLINGS RAMSEY INVESTMENT MANAGEMENT INC /","13F-HR/A","2000-03-09","https://www.sec.gov/Archives/edgar/data/1008875/0001008875-00-000007.txt","https://www.sec.gov/Archives/edgar/data/1008875/000100887500000007"
"5",1009232,"GENEVA CAPITAL MANAGEMENT LTD/WI","13F-HR/A","2000-02-01","https://www.sec.gov/Archives/edgar/data/1009232/0001009232-00-000003.txt","https://www.sec.gov/Archives/edgar/data/1009232/000100923200000003"
"6",1010232,"NEW AMSTERDAM PARTNERS LLC/NY","13F-HR/A","2000-03-02","https://www.sec.gov/Archives/edgar/data/1010232/0001010232-00-000006.txt","https://www.sec.gov/Archives/edgar/data/1010232/000101023200000006"
"7",1010928,"MURRAY JOHNSTONE INTERNATIONAL LTD","13F-HR/A","2000-02-18","https://www.sec.gov/Archives/edgar/data/1010928/0001010928-00-000005.txt","https://www.sec.gov/Archives/edgar/data/1010928/000101092800000005"
"8",1011443,"HBK INVESTMENTS L P","13F-HR/A","2000-02-17","https://www.sec.gov/Archives/edgar/data/1011443/0001011443-00-000021.txt","https://www.sec.gov/Archives/edgar/data/1011443/000101144300000021"
"9",1013701,"LAWSON KROEKER INVESTMENT MANAGEMENT INC/NE","13F-HR/A","2000-02-10","https://www.sec.gov/Archives/edgar/data/1013701/0001013701-00-000006.txt","https://www.sec.gov/Archives/edgar/data/1013701/000101370100000006"
"10",1015283,"WOODFORD GAYED MANAGEMENT INC/NY","13F-HR/A","2000-02-17","https://www.sec.gov/Archives/edgar/data/1015283/0001015283-00-000002.txt","https://www.sec.gov/Archives/edgar/data/1015283/000101528300000002"
"11",1015877,"DESSAUER & MCINTYRE ASSET MANAGEMENT INC/MA","13F-HR/A","2000-01-13","https://www.sec.gov/Archives/edgar/data/1015877/0001015877-00-000002.txt","https://www.sec.gov/Archives/edgar/data/1015877/000101587700000002"
"12",1018674,"PARSONS CAPITAL MANAGEMENT INC/RI","13F-HR/A","2000-03-03","https://www.sec.gov/Archives/edgar/data/1018674/0001018674-00-000007.txt","https://www.sec.gov/Archives/edgar/data/1018674/000101867400000007"
"13",1021249,"UNITED SERVICES AUTOMOBILE ASSOCIATION","13F-HR/A","2000-02-25","https://www.sec.gov/Archives/edgar/data/1021249/0001021249-00-000002.txt","https://www.sec.gov/Archives/edgar/data/1021249/000102124900000002"
"14",1021926,"TAL GLOBAL ASSET MANAGEMENT INC","13F-HR/A","2000-03-10","https://www.sec.gov/Archives/edgar/data/1021926/0000891554-00-000680.txt","https://www.sec.gov/Archives/edgar/data/1021926/000089155400000680"
"15",1023279,"BESSEMER SECURITIES LLC","13F-HR/A","2000-02-14","https://www.sec.gov/Archives/edgar/data/1023279/0000893838-00-000034.txt","https://www.sec.gov/Archives/edgar/data/1023279/000089383800000034"
"16",1026738,"INTERNATIONAL SPECIALTY PRODUCTS INC /NEW/","13F-HR/A","2000-02-22","https://www.sec.gov/Archives/edgar/data/1026738/0000909518-00-000132.txt","https://www.sec.gov/Archives/edgar/data/1026738/000090951800000132"
"17",1026738,"INTERNATIONAL SPECIALTY PRODUCTS INC /NEW/","13F-HR/A","2000-02-22","https://www.sec.gov/Archives/edgar/data/1026738/0000909518-00-000133.txt","https://www.sec.gov/Archives/edgar/data/1026738/000090951800000133"
"18",102909,"VANGUARD GROUP INC","13F-HR/A","2000-01-10","https://www.sec.gov/Archives/edgar/data/102909/0000932471-00-000017.txt","https://www.sec.gov/Archives/edgar/data/102909/000093247100000017"
"19",1033427,"IRIDIAN ASSET MANAGEMENT LLC/CT","13F-HR/A","2000-02-03","https://www.sec.gov/Archives/edgar/data/1033427/0001033427-00-000010.txt","https://www.sec.gov/Archives/edgar/data/1033427/000103342700000010"
"20",1034184,"FARR MILLER & WASHINGTON LLC/DC","13F-HR/A","2000-02-24","https://www.sec.gov/Archives/edgar/data/1034184/0001034184-00-000009.txt","https://www.sec.gov/Archives/edgar/data/1034184/000103418400000009"
"21",1034186,"G W HENSSLER & ASSOCIATES LTD","13F-HR/A","2000-02-15","https://www.sec.gov/Archives/edgar/data/1034186/0001034186-00-000007.txt","https://www.sec.gov/Archives/edgar/data/1034186/000103418600000007"
"22",1034538,"JOHNSON ASSET MANAGEMENT INC","13F-HR/A","2000-02-07","https://www.sec.gov/Archives/edgar/data/1034538/0001034538-00-000001.txt","https://www.sec.gov/Archives/edgar/data/1034538/000103453800000001"
"23",1034538,"JOHNSON ASSET MANAGEMENT INC","13F-HR/A","2000-02-08","https://www.sec.gov/Archives/edgar/data/1034538/0001034538-00-000004.txt","https://www.sec.gov/Archives/edgar/data/1034538/000103453800000004"
"24",1034549,"PARADIGM ASSET MANAGEMENT CO LLC/NY","13F-HR/A","2000-02-11","https://www.sec.gov/Archives/edgar/data/1034549/0001034549-00-000003.txt","https://www.sec.gov/Archives/edgar/data/1034549/000103454900000003"
"25",1034549,"PARADIGM ASSET MANAGEMENT CO LLC/NY","13F-HR/A","2000-02-11","https://www.sec.gov/Archives/edgar/data/1034549/0001034549-00-000004.txt","https://www.sec.gov/Archives/edgar/data/1034549/000103454900000004"
"26",1034884,"GLOBAL CAPITAL MANAGEMENT INC/MN","13F-HR/A","2000-02-15","https://www.sec.gov/Archives/edgar/data/1034884/0000895813-00-000045.txt","https://www.sec.gov/Archives/edgar/data/1034884/000089581300000045"
"27",1036591,"ADAMS HARKNESS & HILL INC","13F-HR/A","2000-02-28","https://www.sec.gov/Archives/edgar/data/1036591/0000950135-00-001113.txt","https://www.sec.gov/Archives/edgar/data/1036591/000095013500001113"
"28",1037792,"PARADIGM CAPITAL MANAGEMNET INC/NY","13F-HR/A","2000-01-31","https://www.sec.gov/Archives/edgar/data/1037792/0001037792-00-000001.txt","https://www.sec.gov/Archives/edgar/data/1037792/000103779200000001"
"29",1037813,"MONUMENT SERIES FUND INC","13F-HR/A","2000-02-17","https://www.sec.gov/Archives/edgar/data/1037813/0001037813-00-000010.txt","https://www.sec.gov/Archives/edgar/data/1037813/000103781300000010"
"30",1040210,"BARR E S & CO","13F-HR/A","2000-02-22","https://www.sec.gov/Archives/edgar/data/1040210/0001040210-00-000006.txt","https://www.sec.gov/Archives/edgar/data/1040210/000104021000000006"
"31",1043855,"DOUGLAS NOYES & CO INC/NY","13F-HR/A","2000-03-01","https://www.sec.gov/Archives/edgar/data/1043855/0001043855-00-000008.txt","https://www.sec.gov/Archives/edgar/data/1043855/000104385500000008"
"32",1043855,"DOUGLAS NOYES & CO INC/NY","13F-HR/A","2000-03-01","https://www.sec.gov/Archives/edgar/data/1043855/0001043855-00-000011.txt","https://www.sec.gov/Archives/edgar/data/1043855/000104385500000011"
"33",1043855,"DOUGLAS NOYES & CO INC/NY","13F-HR/A","2000-03-14","https://www.sec.gov/Archives/edgar/data/1043855/0001043855-00-000014.txt","https://www.sec.gov/Archives/edgar/data/1043855/000104385500000014"
"34",1043855,"DOUGLAS NOYES & CO INC/NY","13F-HR/A","2000-03-14","https://www.sec.gov/Archives/edgar/data/1043855/0001043855-00-000015.txt","https://www.sec.gov/Archives/edgar/data/1043855/000104385500000015"
"35",1044207,"SENECA CAPITAL MANAGEMENT LLC","13F-HR/A","2000-02-22","https://www.sec.gov/Archives/edgar/data/1044207/0000950149-00-000359.txt","https://www.sec.gov/Archives/edgar/data/1044207/000095014900000359"
"36",1044936,"NEUMEIER INVESTMENT COUNSEL LLC","13F-HR/A","2000-02-14","https://www.sec.gov/Archives/edgar/data/1044936/0000912057-00-005895.txt","https://www.sec.gov/Archives/edgar/data/1044936/000091205700005895"
"37",1054236,"M J WHITMAN ADVISERS INC/NY","13F-HR/A","2000-03-17","https://www.sec.gov/Archives/edgar/data/1054236/0001054236-00-000073.txt","https://www.sec.gov/Archives/edgar/data/1054236/000105423600000073"
"38",105495,"WELCH & FORBES INC","13F-HR/A","2000-01-31","https://www.sec.gov/Archives/edgar/data/105495/0000927016-00-000222.txt","https://www.sec.gov/Archives/edgar/data/105495/000092701600000222"
"39",105495,"WELCH & FORBES INC","13F-HR/A","2000-02-07","https://www.sec.gov/Archives/edgar/data/105495/0000927016-00-000321.txt","https://www.sec.gov/Archives/edgar/data/105495/000092701600000321"
"40",1056494,"MCGAHAN GREENE MCHUGH CAPITAL MANAGEMENT LLC","13F-HR/A","2000-03-22","https://www.sec.gov/Archives/edgar/data/1056494/0001056494-00-000007.txt","https://www.sec.gov/Archives/edgar/data/1056494/000105649400000007"
"41",1056494,"MCGAHAN GREENE MCHUGH CAPITAL MANAGEMENT LLC","13F-HR/A","2000-03-23","https://www.sec.gov/Archives/edgar/data/1056494/0001056494-00-000009.txt","https://www.sec.gov/Archives/edgar/data/1056494/000105649400000009"
"42",1056494,"MCGAHAN GREENE MCHUGH CAPITAL MANAGEMENT LLC","13F-HR/A","2000-03-28","https://www.sec.gov/Archives/edgar/data/1056494/0001056494-00-000012.txt","https://www.sec.gov/Archives/edgar/data/1056494/000105649400000012"
"43",1056494,"MCGAHAN GREENE MCHUGH CAPITAL MANAGEMENT LLC","13F-HR/A","2000-03-29","https://www.sec.gov/Archives/edgar/data/1056494/0001056494-00-000014.txt","https://www.sec.gov/Archives/edgar/data/1056494/000105649400000014"
"44",1056527,"CIBC WORLD MARKETS CORP","13F-HR/A","2000-01-03","https://www.sec.gov/Archives/edgar/data/1056527/0001056527-00-000001.txt","https://www.sec.gov/Archives/edgar/data/1056527/000105652700000001"
"45",1056527,"CIBC WORLD MARKETS CORP","13F-HR/A","2000-01-03","https://www.sec.gov/Archives/edgar/data/1056527/0001056527-00-000002.txt","https://www.sec.gov/Archives/edgar/data/1056527/000105652700000002"
"46",1056527,"CIBC WORLD MARKETS CORP","13F-HR/A","2000-01-03","https://www.sec.gov/Archives/edgar/data/1056527/0001056527-00-000003.txt","https://www.sec.gov/Archives/edgar/data/1056527/000105652700000003"
"47",1056527,"CIBC WORLD MARKETS CORP","13F-HR/A","2000-02-14","https://www.sec.gov/Archives/edgar/data/1056527/0001056527-00-000005.txt","https://www.sec.gov/Archives/edgar/data/1056527/000105652700000005"
"48",1058949,"LODESTAR INVESTMENT COUNSEL INC/IL","13F-HR/A","2000-02-10","https://www.sec.gov/Archives/edgar/data/1058949/0001058949-00-000004.txt","https://www.sec.gov/Archives/edgar/data/1058949/000105894900000004"
"49",1061772,"F & M TRUST CO","13F-HR/A","2000-02-18","https://www.sec.gov/Archives/edgar/data/1061772/0001061772-00-000005.txt","https://www.sec.gov/Archives/edgar/data/1061772/000106177200000005"
"50",1067983,"BERKSHIRE HATHAWAY INC","13F-HR/A","2000-02-18","https://www.sec.gov/Archives/edgar/data/1067983/0000950150-00-000125.txt","https://www.sec.gov/Archives/edgar/data/1067983/000095015000000125"
"51",1067983,"BERKSHIRE HATHAWAY INC","13F-HR/A","2000-02-22","https://www.sec.gov/Archives/edgar/data/1067983/0000950150-00-000128.txt","https://www.sec.gov/Archives/edgar/data/1067983/000095015000000128"
"52",1067983,"BERKSHIRE HATHAWAY INC","13F-HR/A","2000-02-22","https://www.sec.gov/Archives/edgar/data/1067983/0000950150-00-000129.txt","https://www.sec.gov/Archives/edgar/data/1067983/000095015000000129"
"53",1067983,"BERKSHIRE HATHAWAY INC","13F-HR/A","2000-02-22","https://www.sec.gov/Archives/edgar/data/1067983/0000950150-00-000130.txt","https://www.sec.gov/Archives/edgar/data/1067983/000095015000000130"
"54",1068840,"ROBSHAW & JULIAN ASSOCIATES INC","13F-HR/A","2000-01-28","https://www.sec.gov/Archives/edgar/data/1068840/0001015402-00-000240.txt","https://www.sec.gov/Archives/edgar/data/1068840/000101540200000240"
"55",1068840,"ROBSHAW & JULIAN ASSOCIATES INC","13F-HR/A","2000-02-01","https://www.sec.gov/Archives/edgar/data/1068840/0001015402-00-000255.txt","https://www.sec.gov/Archives/edgar/data/1068840/000101540200000255"
"56",1074239,"MILTON ARBITRAGE PARTNERS LLC","13F-HR/A","2000-02-15","https://www.sec.gov/Archives/edgar/data/1074239/0000891554-00-000444.txt","https://www.sec.gov/Archives/edgar/data/1074239/000089155400000444"
"57",1074239,"MILTON ARBITRAGE PARTNERS LLC","13F-HR/A","2000-02-15","https://www.sec.gov/Archives/edgar/data/1074239/0000891554-00-000445.txt","https://www.sec.gov/Archives/edgar/data/1074239/000089155400000445"
"58",1074239,"MILTON ARBITRAGE PARTNERS LLC","13F-HR/A","2000-02-15","https://www.sec.gov/Archives/edgar/data/1074239/0000891554-00-000446.txt","https://www.sec.gov/Archives/edgar/data/1074239/000089155400000446"
"59",1074239,"MILTON ARBITRAGE PARTNERS LLC","13F-HR/A","2000-02-15","https://www.sec.gov/Archives/edgar/data/1074239/0000891554-00-000447.txt","https://www.sec.gov/Archives/edgar/data/1074239/000089155400000447"
"60",1074239,"MILTON ARBITRAGE PARTNERS LLC","13F-HR/A","2000-02-29","https://www.sec.gov/Archives/edgar/data/1074239/0001050929-00-000061.txt","https://www.sec.gov/Archives/edgar/data/1074239/000105092900000061"
"61",1074239,"MILTON ARBITRAGE PARTNERS LLC","13F-HR/A","2000-02-29","https://www.sec.gov/Archives/edgar/data/1074239/0001050929-00-000062.txt","https://www.sec.gov/Archives/edgar/data/1074239/000105092900000062"
"62",1074714,"MCDONALD INVESTMENTS INC /OH/","13F-HR/A","2000-01-12","https://www.sec.gov/Archives/edgar/data/1074714/0000950152-00-000161.txt","https://www.sec.gov/Archives/edgar/data/1074714/000095015200000161"
"63",1077479,"PILGRIM INVESTMENTS INC","13F-HR/A","2000-01-06","https://www.sec.gov/Archives/edgar/data/1077479/0000950147-00-000016.txt","https://www.sec.gov/Archives/edgar/data/1077479/000095014700000016"
"64",1077487,"1838 INVESTMENT ADVISORS INC","13F-HR/A","2000-03-03","https://www.sec.gov/Archives/edgar/data/1077487/0000950115-00-000260.txt","https://www.sec.gov/Archives/edgar/data/1077487/000095011500000260"
"65",1079817,"BROWN INVESTMENT ADVISORY & TRUST CO","13F-HR/A","2000-03-03","https://www.sec.gov/Archives/edgar/data/1079817/0001079817-00-000002.txt","https://www.sec.gov/Archives/edgar/data/1079817/000107981700000002"
"66",1079930,"MCMILLION CAPITAL MANAGEMENT INC","13F-HR/A","2000-02-10","https://www.sec.gov/Archives/edgar/data/1079930/0001079930-00-000007.txt","https://www.sec.gov/Archives/edgar/data/1079930/000107993000000007"
"67",1080380,"PROSPECTOR PARTNERS LLC","13F-HR/A","2000-03-03","https://www.sec.gov/Archives/edgar/data/1080380/0000919574-00-000405.txt","https://www.sec.gov/Archives/edgar/data/1080380/000091957400000405"
"68",1082621,"HARVARD MANAGEMENT CO INC","13F-HR/A","2000-03-15","https://www.sec.gov/Archives/edgar/data/1082621/0001082621-00-000007.txt","https://www.sec.gov/Archives/edgar/data/1082621/000108262100000007"
"69",1083433,"ASTER INVESTMENT MANAGEMENT CO INC","13F-HR/A","2000-02-01","https://www.sec.gov/Archives/edgar/data/1083433/0001083433-00-000007.txt","https://www.sec.gov/Archives/edgar/data/1083433/000108343300000007"
"70",1085788,"ZIMMER LUCAS PARTNERS LLC","13F-HR/A","2000-01-06","https://www.sec.gov/Archives/edgar/data/1085788/0000919574-00-000010.txt","https://www.sec.gov/Archives/edgar/data/1085788/000091957400000010"
"71",1085788,"ZIMMER LUCAS PARTNERS LLC","13F-HR/A","2000-01-06","https://www.sec.gov/Archives/edgar/data/1085788/0000919574-00-000011.txt","https://www.sec.gov/Archives/edgar/data/1085788/000091957400000011"
"72",1085788,"ZIMMER LUCAS PARTNERS LLC","13F-HR/A","2000-01-06","https://www.sec.gov/Archives/edgar/data/1085788/0000919574-00-000012.txt","https://www.sec.gov/Archives/edgar/data/1085788/000091957400000012"
"73",1088950,"RAYMOND JAMES TRUST CO","13F-HR/A","2000-02-11","https://www.sec.gov/Archives/edgar/data/1088950/0001088950-00-000003.txt","https://www.sec.gov/Archives/edgar/data/1088950/000108895000000003"
"74",1092307,"TAUNUS CORP","13F-HR/A","2000-01-07","https://www.sec.gov/Archives/edgar/data/1092307/0001092307-00-000001.txt","https://www.sec.gov/Archives/edgar/data/1092307/000109230700000001"
"75",1092307,"TAUNUS CORP","13F-HR/A","2000-01-07","https://www.sec.gov/Archives/edgar/data/1092307/0001092307-00-000002.txt","https://www.sec.gov/Archives/edgar/data/1092307/000109230700000002"
"76",1092307,"TAUNUS CORP","13F-HR/A","2000-03-08","https://www.sec.gov/Archives/edgar/data/1092307/0001092307-00-000028.txt","https://www.sec.gov/Archives/edgar/data/1092307/000109230700000028"
"77",1092307,"TAUNUS CORP","13F-HR/A","2000-03-08","https://www.sec.gov/Archives/edgar/data/1092307/0001092307-00-000029.txt","https://www.sec.gov/Archives/edgar/data/1092307/000109230700000029"
"78",1097278,"ADVENT CAPITAL MANAGEMENT /DE/","13F-HR/A","2000-02-04","https://www.sec.gov/Archives/edgar/data/1097278/0000950172-00-000166.txt","https://www.sec.gov/Archives/edgar/data/1097278/000095017200000166"
"79",1098763,"HIGH ROCK CAPITAL LLC","13F-HR/A","2000-02-15","https://www.sec.gov/Archives/edgar/data/1098763/0000950135-00-000923.txt","https://www.sec.gov/Archives/edgar/data/1098763/000095013500000923"
"80",1103068,"SPARROW CAPITAL MANAGEMENT INC","13F-HR/A","2000-01-28","https://www.sec.gov/Archives/edgar/data/1103068/0001103068-00-000005.txt","https://www.sec.gov/Archives/edgar/data/1103068/000110306800000005"
"81",1103318,"HOCKY MANAGEMENT CO LLC","13F-HR/A","2000-02-15","https://www.sec.gov/Archives/edgar/data/1103318/0000891554-00-000438.txt","https://www.sec.gov/Archives/edgar/data/1103318/000089155400000438"
"82",1103318,"HOCKY MANAGEMENT CO LLC","13F-HR/A","2000-02-15","https://www.sec.gov/Archives/edgar/data/1103318/0000891554-00-000439.txt","https://www.sec.gov/Archives/edgar/data/1103318/000089155400000439"
"83",1103318,"HOCKY MANAGEMENT CO LLC","13F-HR/A","2000-02-15","https://www.sec.gov/Archives/edgar/data/1103318/0000891554-00-000440.txt","https://www.sec.gov/Archives/edgar/data/1103318/000089155400000440"
"84",1103318,"HOCKY MANAGEMENT CO LLC","13F-HR/A","2000-02-15","https://www.sec.gov/Archives/edgar/data/1103318/0000891554-00-000441.txt","https://www.sec.gov/Archives/edgar/data/1103318/000089155400000441"
"85",1104366,"MCDANIEL TERRY & CO","13F-HR/A","2000-02-14","https://www.sec.gov/Archives/edgar/data/1104366/0001104366-00-000003.txt","https://www.sec.gov/Archives/edgar/data/1104366/000110436600000003"
"86",1105453,"NEWBRIDGE PARTNERS LLC","13F-HR/A","2000-02-15","https://www.sec.gov/Archives/edgar/data/1105453/0000950130-00-000708.txt","https://www.sec.gov/Archives/edgar/data/1105453/000095013000000708"
"87",1106446,"LISSAK KENNETH B","13F-HR/A","2000-02-24","https://www.sec.gov/Archives/edgar/data/1106446/0000950147-00-000291.txt","https://www.sec.gov/Archives/edgar/data/1106446/000095014700000291"
"88",1107169,"MONUMENT ADVISORS LTD","13F-HR/A","2000-02-18","https://www.sec.gov/Archives/edgar/data/1107169/0001107169-00-000002.txt","https://www.sec.gov/Archives/edgar/data/1107169/000110716900000002"
"89",1123674,"FIRSTHAND CAPITAL MANAGEMENT INC/CA","13F-HR/A","2000-02-17","https://www.sec.gov/Archives/edgar/data/1123674/0001012709-00-000223.txt","https://www.sec.gov/Archives/edgar/data/1123674/000101270900000223"
"90",1123674,"FIRSTHAND CAPITAL MANAGEMENT INC/CA","13F-HR/A","2000-02-18","https://www.sec.gov/Archives/edgar/data/1123674/0001012709-00-000226.txt","https://www.sec.gov/Archives/edgar/data/1123674/000101270900000226"
"91",1138060,"MADISON INVESTMENT ADVISORS INC","13F-HR/A","2000-01-14","https://www.sec.gov/Archives/edgar/data/1138060/0000310407-00-000001.txt","https://www.sec.gov/Archives/edgar/data/1138060/000031040700000001"
"92",1140888,"EASTBOURNE CAPITAL MANAGEMENT LLC/CA","13F-HR/A","2000-02-09","https://www.sec.gov/Archives/edgar/data/1140888/0000935836-00-000053.txt","https://www.sec.gov/Archives/edgar/data/1140888/000093583600000053"
"93",18349,"SYNOVUS FINANCIAL CORP","13F-HR/A","2000-01-13","https://www.sec.gov/Archives/edgar/data/18349/0000018349-00-000003.txt","https://www.sec.gov/Archives/edgar/data/18349/000001834900000003"
"94",20430,"INVESCO CAPITAL MANAGEMENT INC","13F-HR/A","2000-02-16","https://www.sec.gov/Archives/edgar/data/20430/0000950144-00-002430.txt","https://www.sec.gov/Archives/edgar/data/20430/000095014400002430"
"95",22657,"LOWE BROCKENBROUGH & CO INC","13F-HR/A","2000-02-15","https://www.sec.gov/Archives/edgar/data/22657/0000022657-00-000005.txt","https://www.sec.gov/Archives/edgar/data/22657/000002265700000005"
"96",230119,"CITIZENS COMMERCIAL & SAVINGS BANK","13F-HR/A","2000-01-26","https://www.sec.gov/Archives/edgar/data/230119/0000230119-00-000001.txt","https://www.sec.gov/Archives/edgar/data/230119/000023011900000001"
"97",230119,"CITIZENS COMMERCIAL & SAVINGS BANK","13F-HR/A","2000-01-26","https://www.sec.gov/Archives/edgar/data/230119/0000230119-00-000002.txt","https://www.sec.gov/Archives/edgar/data/230119/000023011900000002"
"98",35527,"FIFTH THIRD BANCORP","13F-HR/A","2000-02-11","https://www.sec.gov/Archives/edgar/data/35527/0000950152-00-000960.txt","https://www.sec.gov/Archives/edgar/data/35527/000095015200000960"
"99",36644,"FIRST NATIONAL BANK OF OMAHA","13F-HR/A","2000-01-26","https://www.sec.gov/Archives/edgar/data/36644/0000036644-00-000002.txt","https://www.sec.gov/Archives/edgar/data/36644/000003664400000002"
"100",38777,"FRANKLIN RESOURCES INC","13F-HR/A","2000-03-06","https://www.sec.gov/Archives/edgar/data/38777/0000038777-00-000323.txt","https://www.sec.gov/Archives/edgar/data/38777/000003877700000323"
"101",44393,"GUARDIAN INSURANCE & ANNUITY CO INC","13F-HR/A","2000-02-02","https://www.sec.gov/Archives/edgar/data/44393/0000044393-00-000005.txt","https://www.sec.gov/Archives/edgar/data/44393/000004439300000005"
"102",51879,"INVESTMENT ADVISERS INC","13F-HR/A","2000-02-02","https://www.sec.gov/Archives/edgar/data/51879/0000051879-00-000008.txt","https://www.sec.gov/Archives/edgar/data/51879/000005187900000008"
"103",59951,"SANWA BANK CALIFORNIA","13F-HR/A","2000-02-16","https://www.sec.gov/Archives/edgar/data/59951/0000059951-00-000005.txt","https://www.sec.gov/Archives/edgar/data/59951/000005995100000005"
"104",69970,"NATIONAL CITY CORP","13F-HR/A","2000-02-08","https://www.sec.gov/Archives/edgar/data/69970/0000950152-00-000669.txt","https://www.sec.gov/Archives/edgar/data/69970/000095015200000669"
"105",728100,"LORD ABBETT & CO","13F-HR/A","2000-02-17","https://www.sec.gov/Archives/edgar/data/728100/0001089355-00-000263.txt","https://www.sec.gov/Archives/edgar/data/728100/000108935500000263"
"106",728572,"GUARDIAN INVESTOR SERVICES CORP","13F-HR/A","2000-02-02","https://www.sec.gov/Archives/edgar/data/728572/0000728572-00-000006.txt","https://www.sec.gov/Archives/edgar/data/728572/000072857200000006"
"107",729058,"STEPHENS INC","13F-HR/A","2000-02-17","https://www.sec.gov/Archives/edgar/data/729058/0000729058-00-000005.txt","https://www.sec.gov/Archives/edgar/data/729058/000072905800000005"
"108",754811,"U S GLOBAL INVESTORS INC","13F-HR/A","2000-03-01","https://www.sec.gov/Archives/edgar/data/754811/0000754811-00-000004.txt","https://www.sec.gov/Archives/edgar/data/754811/000075481100000004"
"109",754811,"U S GLOBAL INVESTORS INC","13F-HR/A","2000-03-13","https://www.sec.gov/Archives/edgar/data/754811/0000754811-00-000005.txt","https://www.sec.gov/Archives/edgar/data/754811/000075481100000005"
"110",75754,"PAINE WEBBER GROUP INC","13F-HR/A","2000-03-06","https://www.sec.gov/Archives/edgar/data/75754/0000075754-00-000004.txt","https://www.sec.gov/Archives/edgar/data/75754/000007575400000004"
"111",783827,"PALLEY NEEDELMAN ASSET MANAGEMENT INC","13F-HR/A","2000-03-15","https://www.sec.gov/Archives/edgar/data/783827/0000783827-00-000002.txt","https://www.sec.gov/Archives/edgar/data/783827/000078382700000002"
"112",789927,"SACHS MORTON H & CO /KY/","13F-HR/A","2000-02-18","https://www.sec.gov/Archives/edgar/data/789927/0000909012-00-000183.txt","https://www.sec.gov/Archives/edgar/data/789927/000090901200000183"
"113",790502,"EAGLE ASSET MANAGEMENT INC","13F-HR/A","2000-02-08","https://www.sec.gov/Archives/edgar/data/790502/0000790502-00-000063.txt","https://www.sec.gov/Archives/edgar/data/790502/000079050200000063"
"114",794221,"KING INVESTMENT ADVISORS INC/TX","13F-HR/A","2000-02-22","https://www.sec.gov/Archives/edgar/data/794221/0000793022-00-000004.txt","https://www.sec.gov/Archives/edgar/data/794221/000079302200000004"
"115",796848,"TEACHER RETIREMENT SYSTEM OF TEXAS","13F-HR/A","2000-01-31","https://www.sec.gov/Archives/edgar/data/796848/0000796848-00-000002.txt","https://www.sec.gov/Archives/edgar/data/796848/000079684800000002"
"116",796848,"TEACHER RETIREMENT SYSTEM OF TEXAS","13F-HR/A","2000-02-01","https://www.sec.gov/Archives/edgar/data/796848/0000796848-00-000003.txt","https://www.sec.gov/Archives/edgar/data/796848/000079684800000003"
"117",796848,"TEACHER RETIREMENT SYSTEM OF TEXAS","13F-HR/A","2000-02-01","https://www.sec.gov/Archives/edgar/data/796848/0000796848-00-000004.txt","https://www.sec.gov/Archives/edgar/data/796848/000079684800000004"
"118",799004,"BECKER CAPITAL MANAGEMENT INC","13F-HR/A","2000-01-27","https://www.sec.gov/Archives/edgar/data/799004/0000799004-00-000006.txt","https://www.sec.gov/Archives/edgar/data/799004/000079900400000006"
"119",799117,"PELL RUDMAN & CO INC","13F-HR/A","2000-02-23","https://www.sec.gov/Archives/edgar/data/799117/0000799117-00-000005.txt","https://www.sec.gov/Archives/edgar/data/799117/000079911700000005"
"120",799117,"PELL RUDMAN & CO INC","13F-HR/A","2000-02-23","https://www.sec.gov/Archives/edgar/data/799117/0000799117-00-000006.txt","https://www.sec.gov/Archives/edgar/data/799117/000079911700000006"
"121",80255,"PRICE T ROWE ASSOCIATES INC /MD/","13F-HR/A","2000-02-17","https://www.sec.gov/Archives/edgar/data/80255/0000080255-00-000370.txt","https://www.sec.gov/Archives/edgar/data/80255/000008025500000370"
"122",80255,"PRICE T ROWE ASSOCIATES INC /MD/","13F-HR/A","2000-02-17","https://www.sec.gov/Archives/edgar/data/80255/0000080255-00-000371.txt","https://www.sec.gov/Archives/edgar/data/80255/000008025500000371"
"123",80255,"PRICE T ROWE ASSOCIATES INC /MD/","13F-HR/A","2000-02-17","https://www.sec.gov/Archives/edgar/data/80255/0000080255-00-000372.txt","https://www.sec.gov/Archives/edgar/data/80255/000008025500000372"
"124",805745,"KEY TRUST CO OF OHIO NA","13F-HR/A","2000-02-16","https://www.sec.gov/Archives/edgar/data/805745/0000805745-00-000029.txt","https://www.sec.gov/Archives/edgar/data/805745/000080574500000029"
"125",810672,"COMPU VAL INVESTMENTS INC","13F-HR/A","2000-01-26","https://www.sec.gov/Archives/edgar/data/810672/0000810672-00-000004.txt","https://www.sec.gov/Archives/edgar/data/810672/000081067200000004"
"126",81273,"PUTNAM INVESTMENT MANAGEMENT INC","13F-HR/A","2000-01-26","https://www.sec.gov/Archives/edgar/data/81273/0000766524-00-000005.txt","https://www.sec.gov/Archives/edgar/data/81273/000076652400000005"
"127",816153,"THORNBURG INVESTMENT TRUST","13F-HR/A","2000-01-28","https://www.sec.gov/Archives/edgar/data/816153/0000816153-00-000026.txt","https://www.sec.gov/Archives/edgar/data/816153/000081615300000026"
"128",816153,"THORNBURG INVESTMENT TRUST","13F-HR/A","2000-01-28","https://www.sec.gov/Archives/edgar/data/816153/0000816153-00-000027.txt","https://www.sec.gov/Archives/edgar/data/816153/000081615300000027"
"129",820027,"AMERICAN EXPRESS FINANCIAL ADVISORS","13F-HR/A","2000-02-16","https://www.sec.gov/Archives/edgar/data/820027/0000820027-00-000142.txt","https://www.sec.gov/Archives/edgar/data/820027/000082002700000142"
"130",829907,"SPEAR LEEDS & KELLOGG ET AL","13F-HR/A","2000-01-26","https://www.sec.gov/Archives/edgar/data/829907/0000829907-00-000007.txt","https://www.sec.gov/Archives/edgar/data/829907/000082990700000007"
"131",829907,"SPEAR LEEDS & KELLOGG ET AL","13F-HR/A","2000-03-31","https://www.sec.gov/Archives/edgar/data/829907/0000829907-00-000012.txt","https://www.sec.gov/Archives/edgar/data/829907/000082990700000012"
"132",831001,"CITIGROUP INC","13F-HR/A","2000-02-17","https://www.sec.gov/Archives/edgar/data/831001/0000922423-00-000375.txt","https://www.sec.gov/Archives/edgar/data/831001/000092242300000375"
"133",831001,"CITIGROUP INC","13F-HR/A","2000-03-13","https://www.sec.gov/Archives/edgar/data/831001/0001052523-00-000021.txt","https://www.sec.gov/Archives/edgar/data/831001/000105252300000021"
"134",831001,"CITIGROUP INC","13F-HR/A","2000-03-13","https://www.sec.gov/Archives/edgar/data/831001/0001052523-00-000022.txt","https://www.sec.gov/Archives/edgar/data/831001/000105252300000022"
"135",837581,"SCUDDER KEMPER INVESTMENTS INC","13F-HR/A","2000-01-27","https://www.sec.gov/Archives/edgar/data/837581/0000837581-00-000005.txt","https://www.sec.gov/Archives/edgar/data/837581/000083758100000005"
"136",837581,"SCUDDER KEMPER INVESTMENTS INC","13F-HR/A","2000-02-04","https://www.sec.gov/Archives/edgar/data/837581/0000837581-00-000090.txt","https://www.sec.gov/Archives/edgar/data/837581/000083758100000090"
"137",837581,"SCUDDER KEMPER INVESTMENTS INC","13F-HR/A","2000-02-24","https://www.sec.gov/Archives/edgar/data/837581/0000837581-00-000095.txt","https://www.sec.gov/Archives/edgar/data/837581/000083758100000095"
"138",846516,"ROLL & ROSS ASSET MANAGEMENT CORP","13F-HR/A","2000-02-16","https://www.sec.gov/Archives/edgar/data/846516/0000846516-00-000002.txt","https://www.sec.gov/Archives/edgar/data/846516/000084651600000002"
"139",860487,"BALLENTINE CAPITAL MANAGEMENT INC","13F-HR/A","2000-02-11","https://www.sec.gov/Archives/edgar/data/860487/0000860487-00-000002.txt","https://www.sec.gov/Archives/edgar/data/860487/000086048700000002"
"140",860487,"BALLENTINE CAPITAL MANAGEMENT INC","13F-HR/A","2000-02-11","https://www.sec.gov/Archives/edgar/data/860487/0000860487-00-000003.txt","https://www.sec.gov/Archives/edgar/data/860487/000086048700000003"
"141",860585,"RBS PARTNERS L P /CT","13F-HR/A","2000-02-14","https://www.sec.gov/Archives/edgar/data/860585/0000950134-00-001196.txt","https://www.sec.gov/Archives/edgar/data/860585/000095013400001196"
"142",860585,"RBS PARTNERS L P /CT","13F-HR/A","2000-02-14","https://www.sec.gov/Archives/edgar/data/860585/0000950134-00-001197.txt","https://www.sec.gov/Archives/edgar/data/860585/000095013400001197"
"143",860585,"RBS PARTNERS L P /CT","13F-HR/A","2000-02-14","https://www.sec.gov/Archives/edgar/data/860585/0000950134-00-001199.txt","https://www.sec.gov/Archives/edgar/data/860585/000095013400001199"
"144",860585,"RBS PARTNERS L P /CT","13F-HR/A","2000-02-14","https://www.sec.gov/Archives/edgar/data/860585/0000950134-00-001201.txt","https://www.sec.gov/Archives/edgar/data/860585/000095013400001201"
"145",860585,"RBS PARTNERS L P /CT","13F-HR/A","2000-02-14","https://www.sec.gov/Archives/edgar/data/860585/0000950134-00-001202.txt","https://www.sec.gov/Archives/edgar/data/860585/000095013400001202"
"146",860585,"RBS PARTNERS L P /CT","13F-HR/A","2000-02-14","https://www.sec.gov/Archives/edgar/data/860585/0000950134-00-001203.txt","https://www.sec.gov/Archives/edgar/data/860585/000095013400001203"
"147",860585,"RBS PARTNERS L P /CT","13F-HR/A","2000-02-14","https://www.sec.gov/Archives/edgar/data/860585/0000950134-00-001204.txt","https://www.sec.gov/Archives/edgar/data/860585/000095013400001204"
"148",860655,"AMERINDO INVESTMENT ADVISORS INC","13F-HR/A","2000-02-14","https://www.sec.gov/Archives/edgar/data/860655/0000860655-00-000033.txt","https://www.sec.gov/Archives/edgar/data/860655/000086065500000033"
"149",861176,"TRUSTMARK NATIONAL BANK TRUST DEPARTMENT","13F-HR/A","2000-02-14","https://www.sec.gov/Archives/edgar/data/861176/0000036146-00-000004.txt","https://www.sec.gov/Archives/edgar/data/861176/000003614600000004"
"150",866035,"BURNHAM ASSET MANAGEMENT CORP /NY/","13F-HR/A","2000-02-14","https://www.sec.gov/Archives/edgar/data/866035/0000866035-00-000003.txt","https://www.sec.gov/Archives/edgar/data/866035/000086603500000003"
"151",877035,"TURNER INVESTMENT PARTNERS INC","13F-HR/A","2000-02-18","https://www.sec.gov/Archives/edgar/data/877035/0000877035-00-000005.txt","https://www.sec.gov/Archives/edgar/data/877035/000087703500000005"
"152",878362,"KIRKBRIDE FRANKLIN B INC","13F-HR/A","2000-02-10","https://www.sec.gov/Archives/edgar/data/878362/0000878362-00-000001.txt","https://www.sec.gov/Archives/edgar/data/878362/000087836200000001"
"153",878362,"KIRKBRIDE FRANKLIN B INC","13F-HR/A","2000-02-10","https://www.sec.gov/Archives/edgar/data/878362/0000878362-00-000002.txt","https://www.sec.gov/Archives/edgar/data/878362/000087836200000002"
"154",878362,"KIRKBRIDE FRANKLIN B INC","13F-HR/A","2000-02-10","https://www.sec.gov/Archives/edgar/data/878362/0000878362-00-000003.txt","https://www.sec.gov/Archives/edgar/data/878362/000087836200000003"
"155",885415,"FOLGER NOLAN FLEMING DOUGLAS INC","13F-HR/A","2000-02-17","https://www.sec.gov/Archives/edgar/data/885415/0000885415-00-000006.txt","https://www.sec.gov/Archives/edgar/data/885415/000088541500000006"
"156",886982,"GOLDMAN SACHS GROUP INC","13F-HR/A","2000-01-14","https://www.sec.gov/Archives/edgar/data/886982/0000769993-00-000047.txt","https://www.sec.gov/Archives/edgar/data/886982/000076999300000047"
"157",887393,"NICHOLS JAMES R","13F-HR/A","2000-02-10","https://www.sec.gov/Archives/edgar/data/887393/0000887393-00-000006.txt","https://www.sec.gov/Archives/edgar/data/887393/000088739300000006"
"158",893879,"ARVEST TRUST CO N A","13F-HR/A","2000-01-26","https://www.sec.gov/Archives/edgar/data/893879/0000893879-00-000002.txt","https://www.sec.gov/Archives/edgar/data/893879/000089387900000002"
"159",895421,"MORGAN STANLEY DEAN WITTER & CO","13F-HR/A","2000-01-13","https://www.sec.gov/Archives/edgar/data/895421/0000895421-00-000004.txt","https://www.sec.gov/Archives/edgar/data/895421/000089542100000004"
"160",896160,"MONTGOMERY ASSET MANAGEMENT L P /CA","13F-HR/A","2000-02-15","https://www.sec.gov/Archives/edgar/data/896160/0000912057-00-006930.txt","https://www.sec.gov/Archives/edgar/data/896160/000091205700006930"
"161",898374,"KAPLAN J L ASSOCIATES LLC","13F-HR/A","2000-02-02","https://www.sec.gov/Archives/edgar/data/898374/0000898374-00-000016.txt","https://www.sec.gov/Archives/edgar/data/898374/000089837400000016"
"162",898382,"COOPERMAN LEON G","13F-HR/A","2000-02-17","https://www.sec.gov/Archives/edgar/data/898382/0000902664-00-000234.txt","https://www.sec.gov/Archives/edgar/data/898382/000090266400000234"
"163",898393,"BERNSTEIN SANFORD C & CO INC","13F-HR/A","2000-01-14","https://www.sec.gov/Archives/edgar/data/898393/0000889812-00-000106.txt","https://www.sec.gov/Archives/edgar/data/898393/000088981200000106"
"164",898393,"BERNSTEIN SANFORD C & CO INC","13F-HR/A","2000-01-19","https://www.sec.gov/Archives/edgar/data/898393/0000889812-00-000120.txt","https://www.sec.gov/Archives/edgar/data/898393/000088981200000120"
"165",905571,"WILMINGTON TRUST CO","13F-HR/A","2000-02-14","https://www.sec.gov/Archives/edgar/data/905571/0000950116-00-000261.txt","https://www.sec.gov/Archives/edgar/data/905571/000095011600000261"
"166",909661,"FARALLON CAPITAL MANAGEMENT LLC","13F-HR/A","2000-02-16","https://www.sec.gov/Archives/edgar/data/909661/0000909661-00-000018.txt","https://www.sec.gov/Archives/edgar/data/909661/000090966100000018"
"167",919086,"QUANTITATIVE ADVISORS INC","13F-HR/A","2000-02-17","https://www.sec.gov/Archives/edgar/data/919086/0000919086-00-000002.txt","https://www.sec.gov/Archives/edgar/data/919086/000091908600000002"
"168",919165,"CHESAPEAKE PARTNERS MANAGEMENT CO INC/MD","13F-HR/A","2000-02-14","https://www.sec.gov/Archives/edgar/data/919165/0000889812-00-000807.txt","https://www.sec.gov/Archives/edgar/data/919165/000088981200000807"
"169",919165,"CHESAPEAKE PARTNERS MANAGEMENT CO INC/MD","13F-HR/A","2000-02-14","https://www.sec.gov/Archives/edgar/data/919165/0000889812-00-000808.txt","https://www.sec.gov/Archives/edgar/data/919165/000088981200000808"
"170",919528,"INVESTORS MANAGEMENT SERVICES INC","13F-HR/A","2000-02-02","https://www.sec.gov/Archives/edgar/data/919528/0000919528-00-000003.txt","https://www.sec.gov/Archives/edgar/data/919528/000091952800000003"
"171",919528,"INVESTORS MANAGEMENT SERVICES INC","13F-HR/A","2000-02-09","https://www.sec.gov/Archives/edgar/data/919528/0000919528-00-000006.txt","https://www.sec.gov/Archives/edgar/data/919528/000091952800000006"
"172",919538,"CORBYN INVESTMENT MANAGEMENT INC/MD","13F-HR/A","2000-01-26","https://www.sec.gov/Archives/edgar/data/919538/0000919538-00-000003.txt","https://www.sec.gov/Archives/edgar/data/919538/000091953800000003"
"173",923093,"TUDOR INVESTMENT CORP ET AL","13F-HR/A","2000-02-23","https://www.sec.gov/Archives/edgar/data/923093/0000950130-00-000830.txt","https://www.sec.gov/Archives/edgar/data/923093/000095013000000830"
"174",923116,"GROESBECK INVESTMENT MANAGEMENT CORP /NJ/","13F-HR/A","2000-02-23","https://www.sec.gov/Archives/edgar/data/923116/0000923116-00-000002.txt","https://www.sec.gov/Archives/edgar/data/923116/000092311600000002"
"175",926688,"SMITH THOMAS W","13F-HR/A","2000-02-22","https://www.sec.gov/Archives/edgar/data/926688/0000891554-00-000501.txt","https://www.sec.gov/Archives/edgar/data/926688/000089155400000501"
"176",926688,"SMITH THOMAS W","13F-HR/A","2000-02-22","https://www.sec.gov/Archives/edgar/data/926688/0000891554-00-000502.txt","https://www.sec.gov/Archives/edgar/data/926688/000089155400000502"
"177",928545,"WILMINGTON TRUST OF PENNSYLVANIA","13F-HR/A","2000-02-14","https://www.sec.gov/Archives/edgar/data/928545/0000950116-00-000263.txt","https://www.sec.gov/Archives/edgar/data/928545/000095011600000263"
"178",928598,"EQSF ADVISERS INC ET AL","13F-HR/A","2000-02-14","https://www.sec.gov/Archives/edgar/data/928598/0001054236-00-000060.txt","https://www.sec.gov/Archives/edgar/data/928598/000105423600000060"
"179",928598,"EQSF ADVISERS INC ET AL","13F-HR/A","2000-02-25","https://www.sec.gov/Archives/edgar/data/928598/0001054236-00-000068.txt","https://www.sec.gov/Archives/edgar/data/928598/000105423600000068"
"180",932974,"LORING WOLCOTT & COOLIDGE FIDUCIARY ADVISORS /MA","13F-HR/A","2000-03-02","https://www.sec.gov/Archives/edgar/data/932974/0000932974-00-000021.txt","https://www.sec.gov/Archives/edgar/data/932974/000093297400000021"
"181",934637,"STI TRUST & INVESTMENT OPERATIONS INC","13F-HR/A","2000-02-09","https://www.sec.gov/Archives/edgar/data/934637/0000934637-00-000006.txt","https://www.sec.gov/Archives/edgar/data/934637/000093463700000006"
"182",937617,"DAVIDSON M H & CO LLC /NY/","13F-HR/A","2000-02-15","https://www.sec.gov/Archives/edgar/data/937617/0000937617-00-000003.txt","https://www.sec.gov/Archives/edgar/data/937617/000093761700000003"
"183",945608,"NORWEST BANK TEXAS N A","13F-HR/A","2000-01-21","https://www.sec.gov/Archives/edgar/data/945608/0001045969-00-000040.txt","https://www.sec.gov/Archives/edgar/data/945608/000104596900000040"
"184",949615,"KAYNE ANDERSON CAPITAL ADVISORS LP","13F-HR/A","2000-03-08","https://www.sec.gov/Archives/edgar/data/949615/0000950148-00-000362.txt","https://www.sec.gov/Archives/edgar/data/949615/000095014800000362"
"185",949682,"BOSTON PARTNERS ASSET MANAGEMENT L P","13F-HR/A","2000-02-07","https://www.sec.gov/Archives/edgar/data/949682/0000950133-00-000279.txt","https://www.sec.gov/Archives/edgar/data/949682/000095013300000279"
"186",949682,"BOSTON PARTNERS ASSET MANAGEMENT L P","13F-HR/A","2000-02-07","https://www.sec.gov/Archives/edgar/data/949682/0000950133-00-000280.txt","https://www.sec.gov/Archives/edgar/data/949682/000095013300000280"
"187",9712,"PRINCIPAL LIFE INSURANCE CO","13F-HR/A","2000-02-15","https://www.sec.gov/Archives/edgar/data/9712/0000769734-00-000043.txt","https://www.sec.gov/Archives/edgar/data/9712/000076973400000043"
"188",9712,"PRINCIPAL LIFE INSURANCE CO","13F-HR/A","2000-02-15","https://www.sec.gov/Archives/edgar/data/9712/0000769734-00-000046.txt","https://www.sec.gov/Archives/edgar/data/9712/000076973400000046"
